{
  "DataList": [
    {
      "Id": 0,
      "GroupID": 1,
      "SlotZ": [
        0.0,
        0.0,
        0.0,
        0.0
      ],
      "SlotX": [
        1.0978244E+21,
        1.09765945E+21,
        -1.09765945E+21,
        -1.0978244E+21
      ]
    },
    {
      "Id": 22,
      "GroupID": 10001,
      "SlotZ": [
        0.0,
        0.0,
        0.0,
        0.0
      ],
      "SlotX": [
        1.0978244E+21,
        1.09765945E+21,
        -1.09765945E+21,
        -1.0978244E+21
      ]
    }
  ]
}