{
  "DataList": [
    {
      "Id": 0,
      "GroupID": 1,
      "SlotZ": [
        3.17597E-12,
        3.17597E-12,
        3.17597E-12,
        3.17597E-12
      ],
      "SlotX": [
        2.25,
        0.75,
        -0.75,
        -2.25
      ]
    },
    {
      "Id": 22,
      "GroupID": 10001,
      "SlotZ": [
        3.17597E-12,
        3.17597E-12,
        3.17597E-12,
        3.17597E-12
      ],
      "SlotX": [
        2.25,
        0.75,
        -0.75,
        -2.25
      ]
    }
  ]
}